text_id,token,correct_token,position,target
S1,He,He,0,0
S1,go,goes,1,1
S1,to,to,2,0
S1,university,university,3,0
S1,every,every,4,0
S1,day,day,5,0
S1,.,.,6,0
S2,She,She,0,0
S2,has,has,1,0
S2,an,a,2,1
S2,good,good,3,0
S2,idea,idea,4,0
S2,.,.,5,0
S3,I,I,0,0
S3,am,am,1,0
S3,happy,happy,2,0
S3,because,because,3,0
S3,my,my,4,0
S3,results,results,5,0
S3,was,were,6,1
S3,good,good,7,0
S3,.,.,8,0
S4,The,The,0,0
S4,student,student,1,0
S4,do,does,2,1
S4,n't,n't,3,0
S4,understand,understand,4,0
S4,the,the,5,0
S4,topic,topic,6,0
S4,.,.,7,0
S5,They,They,0,0
S5,enjoys,enjoy,1,1
S5,the,the,2,0
S5,game,game,3,0
S5,very,very,4,0
S5,much,much,5,0
S5,.,.,6,0
S6,My,My,0,0
S6,friend,friend,1,0
S6,have,has,2,1
S6,a,a,3,0
S6,car,car,4,0
S6,.,.,5,0
S7,He,He,0,0
S7,do,does,1,1
S7,not,not,2,0
S7,like,like,3,0
S7,vegetables,vegetables,4,0
S7,.,.,5,0
S8,She,She,0,0
S8,can,can,1,0
S8,sings,sing,2,1
S8,well,well,3,0
S8,.,.,4,0
S9,The,The,0,0
S9,book,book,1,0
S9,is,is,2,0
S9,in,on,3,1
S9,the,the,4,0
S9,table,table,5,0
S9,.,.,6,0
S10,This,These,0,1
S10,are,are,1,0
S10,the,the,2,0
S10,students,students,3,0
S10,.,.,4,0
S11,I,I,0,0
S11,has,have,1,1
S11,two,two,2,0
S11,brothers,brothers,3,0
S11,.,.,4,0
S12,He,He,0,0
S12,drive,drives,1,1
S12,very,very,2,0
S12,fastly,fast,3,1
S12,.,.,4,0
S13,She,She,0,0
S13,was,went,1,1
S13,go,to,2,1
S13,to,market,3,1
S13,market,.,4,1
S14,They,They,0,0
S14,has,have,1,1
S14,finished,finished,2,0
S14,their,their,3,0
S14,homework,homework,4,0
S14,.,.,5,0
S15,He,He,0,0
S15,is,is,1,0
S15,more,taller,2,1
S15,taller,than,3,1
S15,than,me,4,1
S15,me,.,5,1
S16,He,He,0,0
S16,go,goes,1,1
S16,to,to,2,0
S16,university,university,3,0
S16,every,every,4,0
S16,day,day,5,0
S16,.,.,6,0
S17,She,She,0,0
S17,has,has,1,0
S17,an,a,2,1
S17,good,good,3,0
S17,idea,idea,4,0
S17,.,.,5,0
S18,I,I,0,0
S18,am,am,1,0
S18,happy,happy,2,0
S18,because,because,3,0
S18,my,my,4,0
S18,results,results,5,0
S18,was,were,6,1
S18,good,good,7,0
S18,.,.,8,0
S19,The,The,0,0
S19,student,student,1,0
S19,do,does,2,1
S19,n't,n't,3,0
S19,understand,understand,4,0
S19,the,the,5,0
S19,topic,topic,6,0
S19,.,.,7,0
S20,They,They,0,0
S20,enjoys,enjoy,1,1
S20,the,the,2,0
S20,game,game,3,0
S20,very,very,4,0
S20,much,much,5,0
S20,.,.,6,0
S21,My,My,0,0
S21,friend,friend,1,0
S21,have,has,2,1
S21,a,a,3,0
S21,car,car,4,0
S21,.,.,5,0
S22,He,He,0,0
S22,do,does,1,1
S22,not,not,2,0
S22,like,like,3,0
S22,vegetables,vegetables,4,0
S22,.,.,5,0
S23,She,She,0,0
S23,can,can,1,0
S23,sings,sing,2,1
S23,well,well,3,0
S23,.,.,4,0
S24,The,The,0,0
S24,book,book,1,0
S24,is,is,2,0
S24,in,on,3,1
S24,the,the,4,0
S24,table,table,5,0
S24,.,.,6,0
S25,This,These,0,1
S25,are,are,1,0
S25,the,the,2,0
S25,students,students,3,0
S25,.,.,4,0
S26,I,I,0,0
S26,has,have,1,1
S26,two,two,2,0
S26,brothers,brothers,3,0
S26,.,.,4,0
S27,He,He,0,0
S27,drive,drives,1,1
S27,very,very,2,0
S27,fastly,fast,3,1
S27,.,.,4,0
S28,She,She,0,0
S28,was,went,1,1
S28,go,to,2,1
S28,to,market,3,1
S28,market,.,4,1
S29,They,They,0,0
S29,has,have,1,1
S29,finished,finished,2,0
S29,their,their,3,0
S29,homework,homework,4,0
S29,.,.,5,0
S30,He,He,0,0
S30,is,is,1,0
S30,more,taller,2,1
S30,taller,than,3,1
S30,than,me,4,1
S30,me,.,5,1
S31,He,He,0,0
S31,go,goes,1,1
S31,to,to,2,0
S31,university,university,3,0
S31,every,every,4,0
S31,day,day,5,0
S31,.,.,6,0
S32,She,She,0,0
S32,has,has,1,0
S32,an,a,2,1
S32,good,good,3,0
S32,idea,idea,4,0
S32,.,.,5,0
S33,I,I,0,0
S33,am,am,1,0
S33,happy,happy,2,0
S33,because,because,3,0
S33,my,my,4,0
S33,results,results,5,0
S33,was,were,6,1
S33,good,good,7,0
S33,.,.,8,0
S34,The,The,0,0
S34,student,student,1,0
S34,do,does,2,1
S34,n't,n't,3,0
S34,understand,understand,4,0
S34,the,the,5,0
S34,topic,topic,6,0
S34,.,.,7,0
S35,They,They,0,0
S35,enjoys,enjoy,1,1
S35,the,the,2,0
S35,game,game,3,0
S35,very,very,4,0
S35,much,much,5,0
S35,.,.,6,0
S36,My,My,0,0
S36,friend,friend,1,0
S36,have,has,2,1
S36,a,a,3,0
S36,car,car,4,0
S36,.,.,5,0
S37,He,He,0,0
S37,do,does,1,1
S37,not,not,2,0
S37,like,like,3,0
S37,vegetables,vegetables,4,0
S37,.,.,5,0
S38,She,She,0,0
S38,can,can,1,0
S38,sings,sing,2,1
S38,well,well,3,0
S38,.,.,4,0
S39,The,The,0,0
S39,book,book,1,0
S39,is,is,2,0
S39,in,on,3,1
S39,the,the,4,0
S39,table,table,5,0
S39,.,.,6,0
S40,This,These,0,1
S40,are,are,1,0
S40,the,the,2,0
S40,students,students,3,0
S40,.,.,4,0
S41,I,I,0,0
S41,has,have,1,1
S41,two,two,2,0
S41,brothers,brothers,3,0
S41,.,.,4,0
S42,He,He,0,0
S42,drive,drives,1,1
S42,very,very,2,0
S42,fastly,fast,3,1
S42,.,.,4,0
S43,She,She,0,0
S43,was,went,1,1
S43,go,to,2,1
S43,to,market,3,1
S43,market,.,4,1
S44,They,They,0,0
S44,has,have,1,1
S44,finished,finished,2,0
S44,their,their,3,0
S44,homework,homework,4,0
S44,.,.,5,0
S45,He,He,0,0
S45,is,is,1,0
S45,more,taller,2,1
S45,taller,than,3,1
S45,than,me,4,1
S45,me,.,5,1
S46,He,He,0,0
S46,go,goes,1,1
S46,to,to,2,0
S46,university,university,3,0
S46,every,every,4,0
S46,day,day,5,0
S46,.,.,6,0
S47,She,She,0,0
S47,has,has,1,0
S47,an,a,2,1
S47,good,good,3,0
S47,idea,idea,4,0
S47,.,.,5,0
S48,I,I,0,0
S48,am,am,1,0
S48,happy,happy,2,0
S48,because,because,3,0
S48,my,my,4,0
S48,results,results,5,0
S48,was,were,6,1
S48,good,good,7,0
S48,.,.,8,0
S49,The,The,0,0
S49,student,student,1,0
S49,do,does,2,1
S49,n't,n't,3,0
S49,understand,understand,4,0
S49,the,the,5,0
S49,topic,topic,6,0
S49,.,.,7,0
S50,They,They,0,0
S50,enjoys,enjoy,1,1
S50,the,the,2,0
S50,game,game,3,0
S50,very,very,4,0
S50,much,much,5,0
S50,.,.,6,0
S51,My,My,0,0
S51,friend,friend,1,0
S51,have,has,2,1
S51,a,a,3,0
S51,car,car,4,0
S51,.,.,5,0
S52,He,He,0,0
S52,do,does,1,1
S52,not,not,2,0
S52,like,like,3,0
S52,vegetables,vegetables,4,0
S52,.,.,5,0
S53,She,She,0,0
S53,can,can,1,0
S53,sings,sing,2,1
S53,well,well,3,0
S53,.,.,4,0
S54,The,The,0,0
S54,book,book,1,0
S54,is,is,2,0
S54,in,on,3,1
S54,the,the,4,0
S54,table,table,5,0
S54,.,.,6,0
S55,This,These,0,1
S55,are,are,1,0
S55,the,the,2,0
S55,students,students,3,0
S55,.,.,4,0
S56,I,I,0,0
S56,has,have,1,1
S56,two,two,2,0
S56,brothers,brothers,3,0
S56,.,.,4,0
S57,He,He,0,0
S57,drive,drives,1,1
S57,very,very,2,0
S57,fastly,fast,3,1
S57,.,.,4,0
S58,She,She,0,0
S58,was,went,1,1
S58,go,to,2,1
S58,to,market,3,1
S58,market,.,4,1
S59,They,They,0,0
S59,has,have,1,1
S59,finished,finished,2,0
S59,their,their,3,0
S59,homework,homework,4,0
S59,.,.,5,0
S60,He,He,0,0
S60,is,is,1,0
S60,more,taller,2,1
S60,taller,than,3,1
S60,than,me,4,1
S60,me,.,5,1
S61,He,He,0,0
S61,go,goes,1,1
S61,to,to,2,0
S61,university,university,3,0
S61,every,every,4,0
S61,day,day,5,0
S61,.,.,6,0
S62,She,She,0,0
S62,has,has,1,0
S62,an,a,2,1
S62,good,good,3,0
S62,idea,idea,4,0
S62,.,.,5,0
S63,I,I,0,0
S63,am,am,1,0
S63,happy,happy,2,0
S63,because,because,3,0
S63,my,my,4,0
S63,results,results,5,0
S63,was,were,6,1
S63,good,good,7,0
S63,.,.,8,0
S64,The,The,0,0
S64,student,student,1,0
S64,do,does,2,1
S64,n't,n't,3,0
S64,understand,understand,4,0
S64,the,the,5,0
S64,topic,topic,6,0
S64,.,.,7,0
S65,They,They,0,0
S65,enjoys,enjoy,1,1
S65,the,the,2,0
S65,game,game,3,0
S65,very,very,4,0
S65,much,much,5,0
S65,.,.,6,0
S66,My,My,0,0
S66,friend,friend,1,0
S66,have,has,2,1
S66,a,a,3,0
S66,car,car,4,0
S66,.,.,5,0
S67,He,He,0,0
S67,do,does,1,1
S67,not,not,2,0
S67,like,like,3,0
S67,vegetables,vegetables,4,0
S67,.,.,5,0
S68,She,She,0,0
S68,can,can,1,0
S68,sings,sing,2,1
S68,well,well,3,0
S68,.,.,4,0
S69,The,The,0,0
S69,book,book,1,0
S69,is,is,2,0
S69,in,on,3,1
S69,the,the,4,0
S69,table,table,5,0
S69,.,.,6,0
S70,This,These,0,1
S70,are,are,1,0
S70,the,the,2,0
S70,students,students,3,0
S70,.,.,4,0
S71,I,I,0,0
S71,has,have,1,1
S71,two,two,2,0
S71,brothers,brothers,3,0
S71,.,.,4,0
S72,He,He,0,0
S72,drive,drives,1,1
S72,very,very,2,0
S72,fastly,fast,3,1
S72,.,.,4,0
S73,She,She,0,0
S73,was,went,1,1
S73,go,to,2,1
S73,to,market,3,1
S73,market,.,4,1
S74,They,They,0,0
S74,has,have,1,1
S74,finished,finished,2,0
S74,their,their,3,0
S74,homework,homework,4,0
S74,.,.,5,0
S75,He,He,0,0
S75,is,is,1,0
S75,more,taller,2,1
S75,taller,than,3,1
S75,than,me,4,1
S75,me,.,5,1
S76,He,He,0,0
S76,go,goes,1,1
S76,to,to,2,0
S76,university,university,3,0
S76,every,every,4,0
S76,day,day,5,0
S76,.,.,6,0
S77,She,She,0,0
S77,has,has,1,0
S77,an,a,2,1
S77,good,good,3,0
S77,idea,idea,4,0
S77,.,.,5,0
S78,I,I,0,0
S78,am,am,1,0
S78,happy,happy,2,0
S78,because,because,3,0
S78,my,my,4,0
S78,results,results,5,0
S78,was,were,6,1
S78,good,good,7,0
S78,.,.,8,0
S79,The,The,0,0
S79,student,student,1,0
S79,do,does,2,1
S79,n't,n't,3,0
S79,understand,understand,4,0
S79,the,the,5,0
S79,topic,topic,6,0
S79,.,.,7,0
S80,They,They,0,0
S80,enjoys,enjoy,1,1
S80,the,the,2,0
S80,game,game,3,0
S80,very,very,4,0
S80,much,much,5,0
S80,.,.,6,0
S81,My,My,0,0
S81,friend,friend,1,0
S81,have,has,2,1
S81,a,a,3,0
S81,car,car,4,0
S81,.,.,5,0
S82,He,He,0,0
S82,do,does,1,1
S82,not,not,2,0
S82,like,like,3,0
S82,vegetables,vegetables,4,0
S82,.,.,5,0
S83,She,She,0,0
S83,can,can,1,0
S83,sings,sing,2,1
S83,well,well,3,0
S83,.,.,4,0
S84,The,The,0,0
S84,book,book,1,0
S84,is,is,2,0
S84,in,on,3,1
S84,the,the,4,0
S84,table,table,5,0
S84,.,.,6,0
S85,This,These,0,1
S85,are,are,1,0
S85,the,the,2,0
S85,students,students,3,0
S85,.,.,4,0
S86,I,I,0,0
S86,has,have,1,1
S86,two,two,2,0
S86,brothers,brothers,3,0
S86,.,.,4,0
S87,He,He,0,0
S87,drive,drives,1,1
S87,very,very,2,0
S87,fastly,fast,3,1
S87,.,.,4,0
S88,She,She,0,0
S88,was,went,1,1
S88,go,to,2,1
S88,to,market,3,1
S88,market,.,4,1
S89,They,They,0,0
S89,has,have,1,1
S89,finished,finished,2,0
S89,their,their,3,0
S89,homework,homework,4,0
S89,.,.,5,0
S90,He,He,0,0
S90,is,is,1,0
S90,more,taller,2,1
S90,taller,than,3,1
S90,than,me,4,1
S90,me,.,5,1
S91,He,He,0,0
S91,go,goes,1,1
S91,to,to,2,0
S91,university,university,3,0
S91,every,every,4,0
S91,day,day,5,0
S91,.,.,6,0
S92,She,She,0,0
S92,has,has,1,0
S92,an,a,2,1
S92,good,good,3,0
S92,idea,idea,4,0
S92,.,.,5,0
S93,I,I,0,0
S93,am,am,1,0
S93,happy,happy,2,0
S93,because,because,3,0
S93,my,my,4,0
S93,results,results,5,0
S93,was,were,6,1
S93,good,good,7,0
S93,.,.,8,0
S94,The,The,0,0
S94,student,student,1,0
S94,do,does,2,1
S94,n't,n't,3,0
S94,understand,understand,4,0
S94,the,the,5,0
S94,topic,topic,6,0
S94,.,.,7,0
S95,They,They,0,0
S95,enjoys,enjoy,1,1
S95,the,the,2,0
S95,game,game,3,0
S95,very,very,4,0
S95,much,much,5,0
S95,.,.,6,0
S96,My,My,0,0
S96,friend,friend,1,0
S96,have,has,2,1
S96,a,a,3,0
S96,car,car,4,0
S96,.,.,5,0
S97,He,He,0,0
S97,do,does,1,1
S97,not,not,2,0
S97,like,like,3,0
S97,vegetables,vegetables,4,0
S97,.,.,5,0
S98,She,She,0,0
S98,can,can,1,0
S98,sings,sing,2,1
S98,well,well,3,0
S98,.,.,4,0
S99,The,The,0,0
S99,book,book,1,0
S99,is,is,2,0
S99,in,on,3,1
S99,the,the,4,0
S99,table,table,5,0
S99,.,.,6,0
S100,This,These,0,1
S100,are,are,1,0
S100,the,the,2,0
S100,students,students,3,0
S100,.,.,4,0
S101,I,I,0,0
S101,has,have,1,1
S101,two,two,2,0
S101,brothers,brothers,3,0
S101,.,.,4,0
S102,He,He,0,0
S102,drive,drives,1,1
S102,very,very,2,0
S102,fastly,fast,3,1
S102,.,.,4,0
S103,She,She,0,0
S103,was,went,1,1
S103,go,to,2,1
S103,to,market,3,1
S103,market,.,4,1
S104,They,They,0,0
S104,has,have,1,1
S104,finished,finished,2,0
S104,their,their,3,0
S104,homework,homework,4,0
S104,.,.,5,0
S105,He,He,0,0
S105,is,is,1,0
S105,more,taller,2,1
S105,taller,than,3,1
S105,than,me,4,1
S105,me,.,5,1
S106,He,He,0,0
S106,go,goes,1,1
S106,to,to,2,0
S106,university,university,3,0
S106,every,every,4,0
S106,day,day,5,0
S106,.,.,6,0
S107,She,She,0,0
S107,has,has,1,0
S107,an,a,2,1
S107,good,good,3,0
S107,idea,idea,4,0
S107,.,.,5,0
S108,I,I,0,0
S108,am,am,1,0
S108,happy,happy,2,0
S108,because,because,3,0
S108,my,my,4,0
S108,results,results,5,0
S108,was,were,6,1
S108,good,good,7,0
S108,.,.,8,0
S109,The,The,0,0
S109,student,student,1,0
S109,do,does,2,1
S109,n't,n't,3,0
S109,understand,understand,4,0
S109,the,the,5,0
S109,topic,topic,6,0
S109,.,.,7,0
S110,They,They,0,0
S110,enjoys,enjoy,1,1
S110,the,the,2,0
S110,game,game,3,0
S110,very,very,4,0
S110,much,much,5,0
S110,.,.,6,0
S111,My,My,0,0
S111,friend,friend,1,0
S111,have,has,2,1
S111,a,a,3,0
S111,car,car,4,0
S111,.,.,5,0
S112,He,He,0,0
S112,do,does,1,1
S112,not,not,2,0
S112,like,like,3,0
S112,vegetables,vegetables,4,0
S112,.,.,5,0
S113,She,She,0,0
S113,can,can,1,0
S113,sings,sing,2,1
S113,well,well,3,0
S113,.,.,4,0
S114,The,The,0,0
S114,book,book,1,0
S114,is,is,2,0
S114,in,on,3,1
S114,the,the,4,0
S114,table,table,5,0
S114,.,.,6,0
S115,This,These,0,1
S115,are,are,1,0
S115,the,the,2,0
S115,students,students,3,0
S115,.,.,4,0
S116,I,I,0,0
S116,has,have,1,1
S116,two,two,2,0
S116,brothers,brothers,3,0
S116,.,.,4,0
S117,He,He,0,0
S117,drive,drives,1,1
S117,very,very,2,0
S117,fastly,fast,3,1
S117,.,.,4,0
S118,She,She,0,0
S118,was,went,1,1
S118,go,to,2,1
S118,to,market,3,1
S118,market,.,4,1
S119,They,They,0,0
S119,has,have,1,1
S119,finished,finished,2,0
S119,their,their,3,0
S119,homework,homework,4,0
S119,.,.,5,0
S120,He,He,0,0
S120,is,is,1,0
S120,more,taller,2,1
S120,taller,than,3,1
S120,than,me,4,1
S120,me,.,5,1
S121,He,He,0,0
S121,go,goes,1,1
S121,to,to,2,0
S121,university,university,3,0
S121,every,every,4,0
S121,day,day,5,0
S121,.,.,6,0
S122,She,She,0,0
S122,has,has,1,0
S122,an,a,2,1
S122,good,good,3,0
S122,idea,idea,4,0
S122,.,.,5,0
S123,I,I,0,0
S123,am,am,1,0
S123,happy,happy,2,0
S123,because,because,3,0
S123,my,my,4,0
S123,results,results,5,0
S123,was,were,6,1
S123,good,good,7,0
S123,.,.,8,0
S124,The,The,0,0
S124,student,student,1,0
S124,do,does,2,1
S124,n't,n't,3,0
S124,understand,understand,4,0
S124,the,the,5,0
S124,topic,topic,6,0
S124,.,.,7,0
S125,They,They,0,0
S125,enjoys,enjoy,1,1
S125,the,the,2,0
S125,game,game,3,0
S125,very,very,4,0
S125,much,much,5,0
S125,.,.,6,0
S126,My,My,0,0
S126,friend,friend,1,0
S126,have,has,2,1
S126,a,a,3,0
S126,car,car,4,0
S126,.,.,5,0
S127,He,He,0,0
S127,do,does,1,1
S127,not,not,2,0
S127,like,like,3,0
S127,vegetables,vegetables,4,0
S127,.,.,5,0
S128,She,She,0,0
S128,can,can,1,0
S128,sings,sing,2,1
S128,well,well,3,0
S128,.,.,4,0
S129,The,The,0,0
S129,book,book,1,0
S129,is,is,2,0
S129,in,on,3,1
S129,the,the,4,0
S129,table,table,5,0
S129,.,.,6,0
S130,This,These,0,1
S130,are,are,1,0
S130,the,the,2,0
S130,students,students,3,0
S130,.,.,4,0
S131,I,I,0,0
S131,has,have,1,1
S131,two,two,2,0
S131,brothers,brothers,3,0
S131,.,.,4,0
S132,He,He,0,0
S132,drive,drives,1,1
S132,very,very,2,0
S132,fastly,fast,3,1
S132,.,.,4,0
S133,She,She,0,0
S133,was,went,1,1
S133,go,to,2,1
S133,to,market,3,1
S133,market,.,4,1
S134,They,They,0,0
S134,has,have,1,1
S134,finished,finished,2,0
S134,their,their,3,0
S134,homework,homework,4,0
S134,.,.,5,0
S135,He,He,0,0
S135,is,is,1,0
S135,more,taller,2,1
S135,taller,than,3,1
S135,than,me,4,1
S135,me,.,5,1
S136,He,He,0,0
S136,go,goes,1,1
S136,to,to,2,0
S136,university,university,3,0
S136,every,every,4,0
S136,day,day,5,0
S136,.,.,6,0
S137,She,She,0,0
S137,has,has,1,0
S137,an,a,2,1
S137,good,good,3,0
S137,idea,idea,4,0
S137,.,.,5,0
S138,I,I,0,0
S138,am,am,1,0
S138,happy,happy,2,0
S138,because,because,3,0
S138,my,my,4,0
S138,results,results,5,0
S138,was,were,6,1
S138,good,good,7,0
S138,.,.,8,0
S139,The,The,0,0
S139,student,student,1,0
S139,do,does,2,1
S139,n't,n't,3,0
S139,understand,understand,4,0
S139,the,the,5,0
S139,topic,topic,6,0
S139,.,.,7,0
S140,They,They,0,0
S140,enjoys,enjoy,1,1
S140,the,the,2,0
S140,game,game,3,0
S140,very,very,4,0
S140,much,much,5,0
S140,.,.,6,0
S141,My,My,0,0
S141,friend,friend,1,0
S141,have,has,2,1
S141,a,a,3,0
S141,car,car,4,0
S141,.,.,5,0
S142,He,He,0,0
S142,do,does,1,1
S142,not,not,2,0
S142,like,like,3,0
S142,vegetables,vegetables,4,0
S142,.,.,5,0
S143,She,She,0,0
S143,can,can,1,0
S143,sings,sing,2,1
S143,well,well,3,0
S143,.,.,4,0
S144,The,The,0,0
S144,book,book,1,0
S144,is,is,2,0
S144,in,on,3,1
S144,the,the,4,0
S144,table,table,5,0
S144,.,.,6,0
S145,This,These,0,1
S145,are,are,1,0
S145,the,the,2,0
S145,students,students,3,0
S145,.,.,4,0
S146,I,I,0,0
S146,has,have,1,1
S146,two,two,2,0
S146,brothers,brothers,3,0
S146,.,.,4,0
S147,He,He,0,0
S147,drive,drives,1,1
S147,very,very,2,0
S147,fastly,fast,3,1
S147,.,.,4,0
S148,She,She,0,0
S148,was,went,1,1
S148,go,to,2,1
S148,to,market,3,1
S148,market,.,4,1
S149,They,They,0,0
S149,has,have,1,1
S149,finished,finished,2,0
S149,their,their,3,0
S149,homework,homework,4,0
S149,.,.,5,0
S150,He,He,0,0
S150,is,is,1,0
S150,more,taller,2,1
S150,taller,than,3,1
S150,than,me,4,1
S150,me,.,5,1
S151,He,He,0,0
S151,go,goes,1,1
S151,to,to,2,0
S151,university,university,3,0
S151,every,every,4,0
S151,day,day,5,0
S151,.,.,6,0
S152,She,She,0,0
S152,has,has,1,0
S152,an,a,2,1
S152,good,good,3,0
S152,idea,idea,4,0
S152,.,.,5,0
S153,I,I,0,0
S153,am,am,1,0
S153,happy,happy,2,0
S153,because,because,3,0
S153,my,my,4,0
S153,results,results,5,0
S153,was,were,6,1
S153,good,good,7,0
S153,.,.,8,0
S154,The,The,0,0
S154,student,student,1,0
S154,do,does,2,1
S154,n't,n't,3,0
S154,understand,understand,4,0
S154,the,the,5,0
S154,topic,topic,6,0
S154,.,.,7,0
S155,They,They,0,0
S155,enjoys,enjoy,1,1
S155,the,the,2,0
S155,game,game,3,0
S155,very,very,4,0
S155,much,much,5,0
S155,.,.,6,0
S156,My,My,0,0
S156,friend,friend,1,0
S156,have,has,2,1
S156,a,a,3,0
S156,car,car,4,0
S156,.,.,5,0
S157,He,He,0,0
S157,do,does,1,1
S157,not,not,2,0
S157,like,like,3,0
S157,vegetables,vegetables,4,0
S157,.,.,5,0
S158,She,She,0,0
S158,can,can,1,0
S158,sings,sing,2,1
S158,well,well,3,0
S158,.,.,4,0
S159,The,The,0,0
S159,book,book,1,0
S159,is,is,2,0
S159,in,on,3,1
S159,the,the,4,0
S159,table,table,5,0
S159,.,.,6,0
S160,This,These,0,1
S160,are,are,1,0
S160,the,the,2,0
S160,students,students,3,0
S160,.,.,4,0
S161,I,I,0,0
S161,has,have,1,1
S161,two,two,2,0
S161,brothers,brothers,3,0
S161,.,.,4,0
S162,He,He,0,0
S162,drive,drives,1,1
S162,very,very,2,0
S162,fastly,fast,3,1
S162,.,.,4,0
S163,She,She,0,0
S163,was,went,1,1
S163,go,to,2,1
S163,to,market,3,1
S163,market,.,4,1
S164,They,They,0,0
S164,has,have,1,1
S164,finished,finished,2,0
S164,their,their,3,0
S164,homework,homework,4,0
S164,.,.,5,0
S165,He,He,0,0
S165,is,is,1,0
S165,more,taller,2,1
S165,taller,than,3,1
S165,than,me,4,1
S165,me,.,5,1
S166,He,He,0,0
S166,go,goes,1,1
S166,to,to,2,0
S166,university,university,3,0
S166,every,every,4,0
S166,day,day,5,0
S166,.,.,6,0
S167,She,She,0,0
S167,has,has,1,0
S167,an,a,2,1
S167,good,good,3,0
S167,idea,idea,4,0
S167,.,.,5,0
S168,I,I,0,0
S168,am,am,1,0
S168,happy,happy,2,0
S168,because,because,3,0
S168,my,my,4,0
S168,results,results,5,0
S168,was,were,6,1
S168,good,good,7,0
S168,.,.,8,0
S169,The,The,0,0
S169,student,student,1,0
S169,do,does,2,1
S169,n't,n't,3,0
S169,understand,understand,4,0
S169,the,the,5,0
S169,topic,topic,6,0
S169,.,.,7,0
S170,They,They,0,0
S170,enjoys,enjoy,1,1
S170,the,the,2,0
S170,game,game,3,0
S170,very,very,4,0
S170,much,much,5,0
S170,.,.,6,0
S171,My,My,0,0
S171,friend,friend,1,0
S171,have,has,2,1
S171,a,a,3,0
S171,car,car,4,0
S171,.,.,5,0
S172,He,He,0,0
S172,do,does,1,1
S172,not,not,2,0
S172,like,like,3,0
S172,vegetables,vegetables,4,0
S172,.,.,5,0
S173,She,She,0,0
S173,can,can,1,0
S173,sings,sing,2,1
S173,well,well,3,0
S173,.,.,4,0
S174,The,The,0,0
S174,book,book,1,0
S174,is,is,2,0
S174,in,on,3,1
S174,the,the,4,0
S174,table,table,5,0
S174,.,.,6,0
S175,This,These,0,1
S175,are,are,1,0
S175,the,the,2,0
S175,students,students,3,0
S175,.,.,4,0
S176,I,I,0,0
S176,has,have,1,1
S176,two,two,2,0
S176,brothers,brothers,3,0
S176,.,.,4,0
S177,He,He,0,0
S177,drive,drives,1,1
S177,very,very,2,0
S177,fastly,fast,3,1
S177,.,.,4,0
S178,She,She,0,0
S178,was,went,1,1
S178,go,to,2,1
S178,to,market,3,1
S178,market,.,4,1
S179,They,They,0,0
S179,has,have,1,1
S179,finished,finished,2,0
S179,their,their,3,0
S179,homework,homework,4,0
S179,.,.,5,0
S180,He,He,0,0
S180,is,is,1,0
S180,more,taller,2,1
S180,taller,than,3,1
S180,than,me,4,1
S180,me,.,5,1
S181,He,He,0,0
S181,go,goes,1,1
S181,to,to,2,0
S181,university,university,3,0
S181,every,every,4,0
S181,day,day,5,0
S181,.,.,6,0
S182,She,She,0,0
S182,has,has,1,0
S182,an,a,2,1
S182,good,good,3,0
S182,idea,idea,4,0
S182,.,.,5,0
S183,I,I,0,0
S183,am,am,1,0
S183,happy,happy,2,0
S183,because,because,3,0
S183,my,my,4,0
S183,results,results,5,0
S183,was,were,6,1
S183,good,good,7,0
S183,.,.,8,0
S184,The,The,0,0
S184,student,student,1,0
S184,do,does,2,1
S184,n't,n't,3,0
S184,understand,understand,4,0
S184,the,the,5,0
S184,topic,topic,6,0
S184,.,.,7,0
S185,They,They,0,0
S185,enjoys,enjoy,1,1
S185,the,the,2,0
S185,game,game,3,0
S185,very,very,4,0
S185,much,much,5,0
S185,.,.,6,0
S186,My,My,0,0
S186,friend,friend,1,0
S186,have,has,2,1
S186,a,a,3,0
S186,car,car,4,0
S186,.,.,5,0
S187,He,He,0,0
S187,do,does,1,1
S187,not,not,2,0
S187,like,like,3,0
S187,vegetables,vegetables,4,0
S187,.,.,5,0
S188,She,She,0,0
S188,can,can,1,0
S188,sings,sing,2,1
S188,well,well,3,0
S188,.,.,4,0
S189,The,The,0,0
S189,book,book,1,0
S189,is,is,2,0
S189,in,on,3,1
S189,the,the,4,0
S189,table,table,5,0
S189,.,.,6,0
S190,This,These,0,1
S190,are,are,1,0
S190,the,the,2,0
S190,students,students,3,0
S190,.,.,4,0
S191,I,I,0,0
S191,has,have,1,1
S191,two,two,2,0
S191,brothers,brothers,3,0
S191,.,.,4,0
S192,He,He,0,0
S192,drive,drives,1,1
S192,very,very,2,0
S192,fastly,fast,3,1
S192,.,.,4,0
S193,She,She,0,0
S193,was,went,1,1
S193,go,to,2,1
S193,to,market,3,1
S193,market,.,4,1
S194,They,They,0,0
S194,has,have,1,1
S194,finished,finished,2,0
S194,their,their,3,0
S194,homework,homework,4,0
S194,.,.,5,0
S195,He,He,0,0
S195,is,is,1,0
S195,more,taller,2,1
S195,taller,than,3,1
S195,than,me,4,1
S195,me,.,5,1
S196,He,He,0,0
S196,go,goes,1,1
S196,to,to,2,0
S196,university,university,3,0
S196,every,every,4,0
S196,day,day,5,0
S196,.,.,6,0
S197,She,She,0,0
S197,has,has,1,0
S197,an,a,2,1
S197,good,good,3,0
S197,idea,idea,4,0
S197,.,.,5,0
S198,I,I,0,0
S198,am,am,1,0
S198,happy,happy,2,0
S198,because,because,3,0
S198,my,my,4,0
S198,results,results,5,0
S198,was,were,6,1
S198,good,good,7,0
S198,.,.,8,0
S199,The,The,0,0
S199,student,student,1,0
S199,do,does,2,1
S199,n't,n't,3,0
S199,understand,understand,4,0
S199,the,the,5,0
S199,topic,topic,6,0
S199,.,.,7,0
S200,They,They,0,0
S200,enjoys,enjoy,1,1
S200,the,the,2,0
S200,game,game,3,0
S200,very,very,4,0
S200,much,much,5,0
S200,.,.,6,0
S201,My,My,0,0
S201,friend,friend,1,0
S201,have,has,2,1
S201,a,a,3,0
S201,car,car,4,0
S201,.,.,5,0
S202,He,He,0,0
S202,do,does,1,1
S202,not,not,2,0
S202,like,like,3,0
S202,vegetables,vegetables,4,0
S202,.,.,5,0
S203,She,She,0,0
S203,can,can,1,0
S203,sings,sing,2,1
S203,well,well,3,0
S203,.,.,4,0
S204,The,The,0,0
S204,book,book,1,0
S204,is,is,2,0
S204,in,on,3,1
S204,the,the,4,0
S204,table,table,5,0
S204,.,.,6,0
S205,This,These,0,1
S205,are,are,1,0
S205,the,the,2,0
S205,students,students,3,0
S205,.,.,4,0
S206,I,I,0,0
S206,has,have,1,1
S206,two,two,2,0
S206,brothers,brothers,3,0
S206,.,.,4,0
S207,He,He,0,0
S207,drive,drives,1,1
S207,very,very,2,0
S207,fastly,fast,3,1
S207,.,.,4,0
S208,She,She,0,0
S208,was,went,1,1
S208,go,to,2,1
S208,to,market,3,1
S208,market,.,4,1
S209,They,They,0,0
S209,has,have,1,1
S209,finished,finished,2,0
S209,their,their,3,0
S209,homework,homework,4,0
S209,.,.,5,0
S210,He,He,0,0
S210,is,is,1,0
S210,more,taller,2,1
S210,taller,than,3,1
S210,than,me,4,1
S210,me,.,5,1
S211,He,He,0,0
S211,go,goes,1,1
S211,to,to,2,0
S211,university,university,3,0
S211,every,every,4,0
S211,day,day,5,0
S211,.,.,6,0
S212,She,She,0,0
S212,has,has,1,0
S212,an,a,2,1
S212,good,good,3,0
S212,idea,idea,4,0
S212,.,.,5,0
S213,I,I,0,0
S213,am,am,1,0
S213,happy,happy,2,0
S213,because,because,3,0
S213,my,my,4,0
S213,results,results,5,0
S213,was,were,6,1
S213,good,good,7,0
S213,.,.,8,0
S214,The,The,0,0
S214,student,student,1,0
S214,do,does,2,1
S214,n't,n't,3,0
S214,understand,understand,4,0
S214,the,the,5,0
S214,topic,topic,6,0
S214,.,.,7,0
S215,They,They,0,0
S215,enjoys,enjoy,1,1
S215,the,the,2,0
S215,game,game,3,0
S215,very,very,4,0
S215,much,much,5,0
S215,.,.,6,0
S216,My,My,0,0
S216,friend,friend,1,0
S216,have,has,2,1
S216,a,a,3,0
S216,car,car,4,0
S216,.,.,5,0
S217,He,He,0,0
S217,do,does,1,1
S217,not,not,2,0
S217,like,like,3,0
S217,vegetables,vegetables,4,0
S217,.,.,5,0
S218,She,She,0,0
S218,can,can,1,0
S218,sings,sing,2,1
S218,well,well,3,0
S218,.,.,4,0
S219,The,The,0,0
S219,book,book,1,0
S219,is,is,2,0
S219,in,on,3,1
S219,the,the,4,0
S219,table,table,5,0
S219,.,.,6,0
S220,This,These,0,1
S220,are,are,1,0
S220,the,the,2,0
S220,students,students,3,0
S220,.,.,4,0
S221,I,I,0,0
S221,has,have,1,1
S221,two,two,2,0
S221,brothers,brothers,3,0
S221,.,.,4,0
S222,He,He,0,0
S222,drive,drives,1,1
S222,very,very,2,0
S222,fastly,fast,3,1
S222,.,.,4,0
S223,She,She,0,0
S223,was,went,1,1
S223,go,to,2,1
S223,to,market,3,1
S223,market,.,4,1
S224,They,They,0,0
S224,has,have,1,1
S224,finished,finished,2,0
S224,their,their,3,0
S224,homework,homework,4,0
S224,.,.,5,0
S225,He,He,0,0
S225,is,is,1,0
S225,more,taller,2,1
S225,taller,than,3,1
S225,than,me,4,1
S225,me,.,5,1
S226,He,He,0,0
S226,go,goes,1,1
S226,to,to,2,0
S226,university,university,3,0
S226,every,every,4,0
S226,day,day,5,0
S226,.,.,6,0
S227,She,She,0,0
S227,has,has,1,0
S227,an,a,2,1
S227,good,good,3,0
S227,idea,idea,4,0
S227,.,.,5,0
S228,I,I,0,0
S228,am,am,1,0
S228,happy,happy,2,0
S228,because,because,3,0
S228,my,my,4,0
S228,results,results,5,0
S228,was,were,6,1
S228,good,good,7,0
S228,.,.,8,0
S229,The,The,0,0
S229,student,student,1,0
S229,do,does,2,1
S229,n't,n't,3,0
S229,understand,understand,4,0
S229,the,the,5,0
S229,topic,topic,6,0
S229,.,.,7,0
S230,They,They,0,0
S230,enjoys,enjoy,1,1
S230,the,the,2,0
S230,game,game,3,0
S230,very,very,4,0
S230,much,much,5,0
S230,.,.,6,0
S231,My,My,0,0
S231,friend,friend,1,0
S231,have,has,2,1
